quarter,h_act,h_exp_flat,m_flat,h_exp_pooled,h_exp_base,m_pooled,m_base
2007Q3,0.0,0.011896706637547582,0.0,0.0020843845850313956,0.004296728899299973,0.0,0.0
2007Q4,0.0,0.014535771955380417,0.0,0.0038306349467046473,0.0057776026075222866,0.0,0.0
2008Q1,0.003875968992248062,0.012597822781224621,0.30766975052424755,0.002776316897203921,0.004822337140999399,1.39608306103371,0.8037532173548513
2008Q2,0.014745308310991957,0.011425349833256644,1.2905782777934427,0.0039982711636607346,0.005007537338686074,3.687921030721552,2.944622738421951
2008Q3,0.022504892367906065,0.01147511345428256,1.961191273408033,0.006622484720938584,0.006547590866065614,3.3982550834358918,3.4371256280753295
2008Q4,0.010262989095574085,0.011018767074785461,0.9314099323379978,0.007146139845336572,0.007188736842271187,1.4361584460555312,1.4276484618585132
2009Q1,0.014925373134328358,0.011206179061123832,1.3318877962701,0.007233210243050568,0.007434234642130733,2.063450754617311,2.007654298365081
2009Q2,0.01926444833625219,0.01098778135166494,1.7532609832405441,0.0076641075578834745,0.007668887137742114,2.5135931601633565,2.512026580941972
2009Q3,0.015457277801631602,0.010779280254180722,1.4339805104924819,0.00794034425623111,0.007915280489563584,1.946676025979812,1.9528401832395268
2009Q4,0.015092578185778745,0.010603746175673745,1.4233251094224524,0.007911795702342354,0.007953639989134734,1.907604639147907,1.8975686863368637
2010Q1,0.013516746411483253,0.010441439289427538,1.294529043057274,0.008135110585495818,0.00809927748485749,1.6615319815790108,1.668882988236214
2010Q2,0.012460209185993634,0.010449778312878305,1.192389810857296,0.00806472254296914,0.008077613758730845,1.5450263936056297,1.5425606569174932
2010Q3,0.012130615699273574,0.010649866955409924,1.1390391776783144,0.008201957459064664,0.008166166137218388,1.4789903214953917,1.4854725578000034
2010Q4,0.012672744996846149,0.010560910095247764,1.1999671318619287,0.008580663736729232,0.00834657682910792,1.4768956558221604,1.5183164615044473
2011Q1,0.009050857197586437,0.010512991400304749,0.8609212024394953,0.008857865737631428,0.008550307723054026,1.021787580176917,1.058541691216889
2011Q2,0.011098201049721543,0.010574452139697552,1.049529649678756,0.008943089239870139,0.008625733081655368,1.2409806893398168,1.2866385899796104
2011Q3,0.012398518971432454,0.010576093192045406,1.1723155938865732,0.00899279469682328,0.0086340341690318,1.3787170050498598,1.4360053167154416
2011Q4,0.011117849201536285,0.01078365848301894,1.0309904768445324,0.009099986046219003,0.008745188525654134,1.2217435438986957,1.271310409023421
2012Q1,0.011305066614801127,0.011026159040642388,1.0252950799213658,0.009188017461370573,0.0088596292500866,1.230414141280349,1.2760202820779012
2012Q2,0.010765793215518992,0.01185996153876471,0.9077426752465099,0.009308638838561688,0.009108957386129985,1.1565378571699376,1.1818908310968537
2012Q3,0.011919748856628368,0.01287972489254036,0.925466107085254,0.009334844066775762,0.009286215213509984,1.2769092629037806,1.2835960165221032
2012Q4,0.012080228054252368,0.01366182051419638,0.8842326717511378,0.009948587124595707,0.00976057517777563,1.214265694511198,1.2376553465576987
2013Q1,0.010663787341251478,0.014232613433090693,0.7492501213064827,0.010671492540592811,0.010371253226346182,0.999277964229275,1.028206245525099
2013Q2,0.011171317987370137,0.014860673265743278,0.7517370032703823,0.011113635552051564,0.010853379514911023,1.0051902399577899,1.0292939606527451
2013Q3,0.01277020760505101,0.01521881807472178,0.8391063972478997,0.01161309322064276,0.011254293304945807,1.0996387751672767,1.1346965339386543
2013Q4,0.011396908352485597,0.015473244634674298,0.7365558175785601,0.012143942721954924,0.011681456830085556,0.9384850219921763,0.9756410110708876
2014Q1,0.011204653031282203,0.01572624559448038,0.7124811172486603,0.012815765257451832,0.012244848379060378,0.8742866934744428,0.9150503693000407
2014Q2,0.01201905242384224,0.01587870781805839,0.7569288736564145,0.01336556553923948,0.012732412201819188,0.8992550587220525,0.9439729277791505
2014Q3,0.014238031507489882,0.01597347629150453,0.8913545960601174,0.013855780336397491,0.013177003946506352,1.027587848667625,1.0805211537684059
2014Q4,0.013541895587200294,0.016001445164365902,0.8462920347567823,0.013899810488844816,0.013308029126764976,0.9742503754326892,1.0175733354809817
2015Q1,0.013306125202374527,0.016005112039021167,0.8313672013000352,0.013934407352844881,0.013370794989449675,0.9549114551798945,0.9951633551238969
2015Q2,0.015329350438344108,0.01602669340775168,0.9564886560399111,0.01395002353113093,0.013412177335828456,1.0988763140173252,1.1429427194788302
2015Q3,0.017356657020971927,0.01594164017862933,1.08876231218915,0.013859673796350626,0.01335453957090736,1.2523135303185915,1.2996821739016082
2015Q4,0.01609026156308209,0.015780258335189853,1.0196450033521272,0.01367479428763362,0.013186648942038482,1.1766364615541474,1.2201933663212199
2016Q1,0.0168005649433727,0.015763635688976225,1.0657798286420446,0.013827565942002787,0.013287091372921564,1.2150052304100099,1.264427591550354
2016Q2,0.02108288503250636,0.01579779870073808,1.3345457447512203,0.014884085315474069,0.014068029220701552,1.416471659873367,1.4986381320193896
2016Q3,0.026074351830152158,0.01589946989584058,1.6399510172960798,0.01555946526855683,0.014781937274075936,1.6757871417884918,1.763933329353283
2016Q4,0.025496099510130134,0.015961312349253434,1.5973686218428447,0.015923923411426635,0.015223196899469564,1.6011191997968748,1.6748190067106414
2017Q1,0.027311905570652172,0.016009402220169146,1.7059915913814558,0.01627008883906604,0.01560611330830003,1.6786574333308908,1.7500773595002979
2017Q2,0.030181449050605928,0.016057453913701253,1.8795911987549392,0.016346728772085574,0.01582343090120161,1.84632959116231,1.907389695638889
2017Q3,0.035024597230037015,0.01614559503012456,2.1692973944093037,0.016183885820373473,0.01583894163268959,2.1641648747883195,2.211296565280008
2017Q4,0.03639637310132539,0.01605069630894335,2.2675884211356956,0.016034060624098578,0.01579278711653386,2.2699410931890225,2.304620003597789
2018Q1,0.04107675619992536,0.015936589265975062,2.5775123845116004,0.016021328908183176,0.015847417998814926,2.563879465638127,2.5920156963738252
2018Q2,0.05119852801557565,0.015857982326854387,3.2285650822598355,0.015800714995572243,0.015790457974484,3.24026653413613,3.242371316798284
2018Q3,0.07301768598129524,0.0156667518167141,4.660678029213191,0.015408504591735655,0.015574142899203612,4.738791201091522,4.688391936164206
2018Q4,0.06379914470961512,0.015280414690461805,4.17522338248053,0.014604769424152566,0.015142619573711316,4.36837740170739,4.21321716490686
2019Q1,0.03061812621302123,0.014924730554932396,2.051502779251342,0.01406306472090061,0.01505936108799043,2.177201543239461,2.0331623655294804
